Task,Labels,Description
"Implement Global Styles","design,frontend","Implement global styles according to DESIGN.md for consistent look and feel."
"Develop Header Component","design,frontend","Create a reusable header component with navigation links."
"Develop Footer Component","design,frontend","Create a reusable footer component with social media links and contact information."
"Create Button Components","design,frontend","Build button components with different styles as provided in DESIGN.md."
"Create Card Components","design,frontend","Build card components for displaying content previews."
"Create Form Components","design,frontend","Build form components for user input."
"Create Gallery Components","design,frontend","Build gallery components for browsing images."
"Design Page Templates","design,frontend","Design template layouts for various sections."
"Implement Dynamic Data Binding for Events","frontend,data","Integrate CMS collections for events into front-end templates."
"Implement Dynamic Data Binding for Articles","frontend,data","Integrate CMS collections for articles into front-end templates."
"Develop Authentication Mechanisms","frontend,backend","Implement secure login/logout functionality."
"Design and Implement Forums Prototype","design,frontend,backend","Build a prototype for user forums with topic creation and replies."
"Implement Members Dashboard","frontend","Create a dashboard for members with access to exclusive content and activity logs."

